ID1,ID,High-Leverage WPA,WPA per High-Leverage PA,Streakiness Score,Hard-Hit Efficiency,Speed Score,Flags
12,abreujo02,3.317,0.005142636,0.915831351,0.116471399,0.060078724,1
17,acunaro01,3.455,0.017538071,0.95428605,0.125329815,0.092403628,1
20,adamewi01,-0.653,-0.002633065,0.884808095,0.096602265,0.059388122,1
29,adamsma01,-1.285,-0.002881166,0.78385031,0.104915324,0.053557766,1
39,adelljo01,-0.209,-0.005805556,0.843098777,0.070866142,0.047794118,1
43,adriaeh01,-1.567,-0.007874372,0.713057313,0.080888184,0.068579426,1
50,aguilje01,0.321,0.00093314,0.822822351,0.101685393,0.043222004,1
53,ahmedni01,-3.278,-0.007110629,0.818538217,0.08689082,0.069334253,1
58,akiyash01,-0.905,-0.015877193,0.705215071,0.047318612,0.06557377,1
59,alberha01,-1.091,-0.006234286,0.85840166,0.072041166,0.064332248,1
60,albieoz01,-2.166,-0.007443299,0.936959335,0.112349532,0.090983607,1
63,alcansa01,-0.183,-0.0183,0.213266991,0.015625,0.014285714,1
64,alcanse01,-0.759,-0.0115,0.633535139,0.066390041,0.04676259,1
76,alfarjo01,-1.658,-0.005737024,0.844089106,0.075427683,0.053468208,1
79,alforan01,1.231,0.031564103,0.665698744,0.078703704,0.072033898,1
82,allenau01,0.528,0.044,0.598629162,0.067307692,0.045045045,1
90,allengr01,-0.434,-0.003981651,0.745952956,0.069023569,0.103603604,1
102,almonab01,-2.996,-0.014334928,0.763224137,0.089376054,0.081447964,1
106,almoral01,-3.715,-0.01535124,0.813153301,0.076802508,0.054014599,1
110,alonspe01,-1.254,-0.003955836,0.904322772,0.127379209,0.04652645,1
122,altuvjo01,0.535,0.000548156,0.964289231,0.092246452,0.099275134,1
124,alvared01,-0.799,-0.027551724,0.694517727,0.069306931,0.07826087,1
130,alvaryo01,-0.746,-0.004907895,0.931907072,0.143356643,0.06454918,1
149,anderbr04,-0.531,-0.048272727,0.350492128,0.026086957,0.02189781,1
150,anderbr06,0.657,0.003236453,0.83708575,0.093231162,0.061304837,1
151,anderch01,-1.232,-0.034222222,0.320631928,0.007272727,0.006410256,1
166,anderti01,-4.315,-0.011149871,0.922785935,0.09116911,0.086941698,1
167,anderty01,-0.85,-0.053125,0.365977275,0.012738854,0,1
175,andruel01,-3.554,-0.003630235,0.89112794,0.066588955,0.091207349,1
177,andujmi01,-1.129,-0.007283871,0.88142856,0.106761566,0.066292135,1
186,aquinar01,-0.458,-0.006106667,0.696742432,0.110070258,0.053497942,1
187,arauzjo01,-0.046,-0.001210526,0.829491698,0.065693431,0.032258065,1
193,arciaor01,-0.258,-0.000931408,0.823627292,0.068219634,0.059877175,1
196,arenano01,-0.526,-0.000752504,0.921818706,0.126300149,0.066014201,1
210,arozara01,0.296,0.002619469,0.968468993,0.10766721,0.089615932,1
211,arraelu01,0.793,0.006663866,0.935511644,0.06812933,0.059006211,1
212,arrieja01,-1.032,-0.030352941,0.478466513,0.041884817,0.023474178,1
215,arroych01,-0.209,-0.002786667,0.78516682,0.085972851,0.051440329,1
217,arteahu01,-0.316,-0.015047619,0.590869907,0.032,0.035971223,1
230,astudwi01,-1.343,-0.017906667,0.850376593,0.07495069,0.04315197,1
250,avilaal01,-0.582,-0.001044883,0.764162967,0.087908497,0.047278725,1
265,baddoak01,0.581,0.008671642,0.821567621,0.0968523,0.097613883,1
266,baderha01,0.07,0.000295359,0.80199436,0.093457944,0.077877326,1
269,baezja01,-2.918,-0.005883065,0.884750592,0.107894737,0.079877112,1
331,barneau01,-2.564,-0.013354167,0.690819885,0.074718526,0.056768559,1
342,barnhtu01,-3.859,-0.008425764,0.786959175,0.07593819,0.049590004,1
360,bartjo01,-0.353,-0.0706,0.722776037,0.064220183,0.05982906,1
382,bauerja01,-0.413,-0.002473054,0.78976948,0.076765609,0.055950266,1
404,beatyma01,0.995,0.011306818,0.753370529,0.087475149,0.059352518,1
439,bellico01,0.406,0.001124654,0.815817043,0.120584079,0.070254725,1
444,belljo02,-3.029,-0.006444681,0.827568554,0.10675563,0.053280174,1
449,beltbr01,1.23,0.001408935,0.879872671,0.111218569,0.070905668,1
453,bemboan01,-0.127,-0.009071429,0.621633277,0.046511628,0.013888889,1
463,beninan01,-0.872,-0.002264935,0.965768659,0.098283262,0.084027252,1
511,bertijo01,-0.387,-0.003071429,0.803577467,0.072115385,0.094182825,1
520,bettsmo01,1.098,0.001609971,0.952918999,0.122170782,0.099887006,1
527,bichebo01,2.623,0.023419643,0.980770456,0.108446298,0.089320388,1
534,biggica01,0.634,0.004731343,0.863097722,0.093446602,0.069767442,1
553,blackch02,0.408,0.00069506,0.952299324,0.105034183,0.084332834,1
576,blandal01,-0.992,-0.021565217,0.555926709,0.047008547,0.035842294,1
613,bogaexa01,3.168,0.004010127,0.931997974,0.099602525,0.073770492,1
620,bohmal01,0.956,0.011247059,0.878637147,0.068518519,0.051926298,1
642,bonifjo01,-2.127,-0.018991071,0.828970025,0.085481682,0.05006105,1
678,boteda01,-2.84,-0.015519126,0.733857791,0.084163898,0.052023121,1
710,bradlbo01,-0.954,-0.019875,0.741552705,0.110344828,0.045731707,1
711,bradlja02,-6.218,-0.009885533,0.774435042,0.093122337,0.072526287,1
731,brantmi02,2.494,0.002837315,0.917065258,0.090719302,0.082545142,1
732,brantro01,-1.869,-0.02225,0.786461982,0.065693431,0.046357616,1
747,bregmal01,0.849,0.002358333,0.834511736,0.123857024,0.076650106,1
776,brinsle01,-3.999,-0.018686916,0.735640597,0.068599034,0.04950495,1
795,brossmi01,0.648,0.01322449,0.730139046,0.10326087,0.06601467,1
837,brownse01,-0.294,-0.003266667,0.768226192,0.121883657,0.073417722,1
845,bruceja01,-6.603,-0.005443528,0.841471764,0.111167002,0.061577838,1
861,bryankr01,-0.668,-0.001194991,0.891928944,0.118649224,0.069567483,1
875,buehlwa01,-0.27,-0.038571429,0.456899348,0.01754386,0.01025641,1
886,bumgama01,-1.82,-0.02091954,0.526362124,0.060031596,0.025991792,1
939,buterdr01,-2.341,-0.013852071,0.676369035,0.062079282,0.043448744,1
950,buxtoby01,-3.02,-0.011268657,0.830692145,0.115789474,0.105802048,1
964,cabreas01,-5.339,-0.004578902,0.908655351,0.094089264,0.070260776,1
969,cabremi01,6.1,0.003763109,0.954930135,0.115948052,0.059401437,1
976,cahiltr01,-1.363,-0.045433333,0.415099151,0.020942408,0.018518519,1
979,cainlo01,-1.674,-0.002571429,0.926611481,0.079155673,0.093654933,1
988,calhoko01,2.017,0.003820076,0.874857516,0.092749167,0.05284738,1
989,calhowi01,-2.175,-0.018277311,0.786252175,0.083541147,0.041189931,1
995,camarjo01,0.365,0.00181592,0.782812765,0.098788444,0.063086104,1
997,camerda01,0.395,0.008586957,0.716829436,0.075,0.086206897,1
1009,campber01,-1.486,-0.016886364,0.696353246,0.055679287,0.052224371,1
1020,candeje01,-2.591,-0.007079235,0.87484581,0.097491448,0.062719518,1
1025,canhama01,-0.141,-0.000355164,0.787082143,0.097663551,0.059791332,1
1035,caratvi01,-2.58,-0.015542169,0.746162598,0.064622125,0.038722168,1
1048,carlsdy01,-1.447,-0.015728261,0.870066023,0.098159509,0.062330623,1
1058,carpema01,-0.498,-0.000687845,0.832750069,0.109925051,0.068133971,1
1081,casalcu01,-2.127,-0.011816667,0.750184832,0.09214355,0.046531303,1
1096,casteni01,-3.215,-0.005543103,0.895922415,0.117060112,0.073105298,1
1105,castilu02,-0.872,-0.032296296,0.449458974,0.020100503,0.01793722,1
1118,castrha01,0.841,0.00651938,0.873804652,0.054945055,0.049222798,1
1119,castrja01,-3.246,-0.006479042,0.772053474,0.092662763,0.054054054,1
1122,castrst01,-5.271,-0.00502,0.924282457,0.080839297,0.068095455,1
1123,castrwi01,-2.303,-0.019683761,0.801317833,0.07788162,0.06,1
1130,caveja01,-0.353,-0.002654135,0.76164631,0.093667546,0.054892601,1
1146,chacijh01,-0.995,-0.028428571,0.486304854,0.027700831,0.022167488,1
1163,changyu01,-0.135,-0.003461538,0.720940801,0.093457944,0.060344828,1
1169,chapmma01,0.063,0.000171196,0.868955895,0.120516499,0.061190277,1
1180,chatwty01,0.035,0.001166667,0.571692693,0.029268293,0.024793388,1
1185,chavimi01,-1.294,-0.012686275,0.844559768,0.084690554,0.048192771,1
1195,chiriro01,1.095,0.002943548,0.7794966,0.104199067,0.050961109,1
1197,chishja01,-1.208,-0.011615385,0.843870006,0.088461538,0.089630931,1
1201,choiji01,1.28,0.006497462,0.772109884,0.107497742,0.056704981,1
1257,clemeer01,-0.665,-0.021451613,0.816679207,0.05785124,0.030075188,1
1320,colliza01,-0.157,-0.002907407,0.6786755,0.084175084,0.054131054,1
1339,confomi01,-0.843,-0.001692771,0.833072281,0.108584869,0.054697987,1
1362,contrwi01,-5.228,-0.012046083,0.836012286,0.1031477,0.057335582,1
1363,contrwi02,0.175,0.005,0.923789355,0.080924855,0.030769231,1
1380,coopega03,0.903,0.007401639,0.901345666,0.092171717,0.049605411,1
1390,corbipa01,-1.321,-0.027520833,0.471185529,0.029268293,0.025531915,1
1392,cordefr02,-0.032,-0.000711111,0.773348014,0.085158151,0.068736142,1
1404,correca01,-1.182,-0.002184843,0.897767532,0.107294618,0.062984797,1
1453,crawfbr01,-2.356,-0.002316618,0.852378026,0.089048106,0.063736264,1
1456,crawfjp01,2.088,0.011664804,0.841468436,0.078228782,0.066233766,1
1471,croncj01,-4.663,-0.010181223,0.888334188,0.108212901,0.054580274,1
1472,croneja01,-1.521,-0.013460177,0.857260864,0.112313938,0.077844311,1
1496,cruzne02,1.739,0.001385657,0.904931722,0.117800289,0.057386584,1
1504,cuetojo01,-2.451,-0.028172414,0.363247437,0.001834862,0.003053435,1
1507,culbech01,-1.619,-0.007975369,0.705530134,0.083029197,0.066554339,1
1539,dahlda01,-1.396,-0.006945274,0.850672248,0.104986877,0.076612903,1
1541,dalbebo01,-0.208,-0.00214433,0.842242754,0.124748491,0.056880734,1
1562,darnatr01,-1.921,-0.004826633,0.826133379,0.090688652,0.048394193,1
1564,darviyu01,-0.683,-0.052538462,0.416080464,0.032894737,0.024242424,1
1582,davieza02,-0.368,-0.023,0.411477197,0.018604651,0.015267176,1
1604,davisjd01,-0.118,-0.000559242,0.807143588,0.093220339,0.051210428,1
1608,davisjo05,-0.173,-0.005580645,0.56341884,0.040540541,0.05019305,1
1609,daviskh01,0.736,0.001228715,0.815678275,0.116087213,0.050210305,1
1624,dazayo01,-0.137,-0.002107692,0.75298597,0.045226131,0.043577982,1
1626,deanau01,-1.338,-0.01784,0.775422871,0.098461538,0.061797753,1
1641,degroja01,-1.167,-0.030710526,0.617934312,0.031331593,0.023640662,1
1648,dejonpa01,-3.599,-0.013280443,0.812469931,0.101851852,0.054302807,1
1650,delacbr01,0.388,0.011411765,0.959398342,0.070351759,0.0456621,1
1687,desclan01,-1.052,-0.038962963,0.363502251,0.015564202,0.010600707,1
1690,deshide02,-0.406,-0.001598425,0.816888567,0.065098468,0.097918638,1
1695,detwiro01,-0.412,-0.037454545,0.250147063,0,0,1
1697,deverra01,-0.689,-0.001887671,0.939806379,0.122782446,0.07337884,1
1702,diazal02,-2.062,-0.007061644,0.871258466,0.103345281,0.067464635,1
1706,diazel01,-3.558,-0.01494958,0.796102047,0.081385281,0.049245433,1
1707,diazis01,-0.984,-0.011181818,0.691493896,0.056947608,0.033932136,1
1708,diazle01,-0.96,-0.022325581,0.642120857,0.093167702,0.041420118,1
1714,diazya01,-3.28,-0.01470852,0.925157364,0.079061685,0.049811321,1
1715,dickeal01,-0.957,-0.007088889,0.800317282,0.110471807,0.066321244,1
1718,dickeco01,-4.761,-0.009138196,0.932093358,0.115834874,0.079678991,1
1732,difowi01,0.017,9.23913E-05,0.718726046,0.058823529,0.056923077,1
1764,donaljo02,5.291,0.007494334,0.905192999,0.118063485,0.059363406,1
1788,doziehu01,-2.766,-0.013969697,0.801644157,0.103938025,0.066705336,1
1808,drurybr01,-1.268,-0.004577617,0.815661393,0.098928796,0.06323185,1
1812,dubonma01,-0.817,-0.011191781,0.789265296,0.073059361,0.052631579,1
1820,duffyma01,0.425,0.001158038,0.922047074,0.064041995,0.064500717,1
1824,duggast01,-1.923,-0.016577586,0.82183752,0.086647727,0.079634465,1
1843,duranja01,-0.076,-0.006333333,0.745128052,0.065420561,0.0625,1
1854,duvalad01,-0.249,-0.000554566,0.76155976,0.114377769,0.055412844,1
1864,dysonja01,-2.429,-0.005362031,0.777854851,0.056506168,0.124955877,1
1873,eatonad02,0.606,0.001113971,0.925562136,0.081128235,0.076726343,1
1879,edmanto01,1.163,0.007503226,0.847010836,0.087959009,0.097079716,1
1890,eflinza01,-0.88,-0.031428571,0.38711983,0.023952096,0.016304348,1
1898,eickhje01,-0.4,-0.033333333,0.447947417,0.031746032,0.028571429,1
1933,engelad01,-2.476,-0.012632653,0.78960292,0.077054795,0.075,1
1942,eovalna01,-0.944,-0.039333333,0.319870872,0,0,1
1955,escobal02,-10.144,-0.010164329,0.844540485,0.061500178,0.078664684,1
1956,escobed01,-4.224,-0.006380665,0.875783546,0.099795292,0.063934426,1
1961,espinsa01,-0.974,-0.029515152,0.837922929,0.070921986,0.076923077,1
1972,estrath01,-1.054,-0.028486486,0.816355486,0.077253219,0.04743083,1
1985,evansph01,-0.678,-0.017842105,0.696254007,0.048859935,0.031161473,1
2013,farmeky01,0.147,0.00115748,0.722336873,0.078239609,0.051511758,1
2085,fishede01,-1.124,-0.018129032,0.657721218,0.085365854,0.057939914,1
2101,flaheja01,-0.193,-0.021444444,0.427958228,0.032520325,0.026666667,1
2109,fletcda02,0.18,0.000803571,0.912248666,0.063631057,0.067385445,1
2118,florewi01,-2.691,-0.005058271,0.871750273,0.092715232,0.050933786,1
2130,foltymi01,-0.848,-0.036869565,0.29772029,0.014925373,0.013215859,1
2140,fordmi01,-0.517,-0.013972973,0.652594576,0.101083032,0.034482759,1
2160,fowlede01,4.211,0.005179582,0.859351948,0.091666667,0.081667231,1
2162,fowledu01,-0.857,-0.031740741,0.754255284,0.051502146,0.052208835,1
2172,fraleja01,-0.341,-0.004736111,0.683082726,0.071428571,0.068656716,1
2180,francma02,-1.298,-0.002665298,0.870585793,0.092920354,0.048979592,1
2184,francty01,0.096,0.000588957,0.850612086,0.090401786,0.051689861,1
2185,francwa01,0.191,0.003237288,0.936625065,0.106761566,0.081168831,1
2192,fraziad01,3.68,0.009246231,0.924251766,0.085067873,0.072451903,1
2193,frazicl01,0.121,0.000870504,0.834412228,0.106082037,0.065675341,1
2196,frazito01,-4.155,-0.00499399,0.819184473,0.101320583,0.060618307,1
2200,freelky01,-0.464,-0.020173913,0.429675649,0.028901734,0.02020202,1
2203,freemfr01,8.529,0.008452924,0.930240753,0.114964453,0.066816817,1
2205,freemmi01,-1.36,-0.02125,0.649356384,0.053370787,0.038834951,1
2226,friedma01,-0.007,-0.000538462,0.528750559,0.055555556,0.046979866,1
2235,fuentjo01,-0.576,-0.006697674,0.790338357,0.075471698,0.0496614,1
2264,gallaca01,-0.189,-0.004395349,0.705562466,0.076719577,0.052132701,1
2272,gallojo01,-2.37,-0.006045918,0.745094524,0.122144985,0.047063723,1
2273,galvifr01,-5.132,-0.007238364,0.849974196,0.078296353,0.060169891,1
2276,gamelbe01,0.394,0.001475655,0.827462046,0.082963901,0.06505889,1
2288,garciad02,0.192,0.001586777,0.822651912,0.099337748,0.069659443,1
2289,garciar01,0.344,0.013230769,0.685833044,0.062176166,0.014634146,1
2290,garciav01,2.358,0.003311798,0.880752151,0.082702388,0.053881035,1
2298,garcijo02,-0.708,-0.04425,0.661758106,0.042735043,0.056451613,1
2301,garcile02,-2.372,-0.007530159,0.842614098,0.064162754,0.069477719,1
2302,garcilu04,-1.903,-0.0173,0.849145453,0.091891892,0.069948187,1
2306,garciro02,-0.456,-0.013818182,0.775207352,0.073033708,0.035532995,1
2311,gardnbr01,-1.368,-0.00151495,0.858585043,0.080704201,0.088297551,1
2319,garliky01,-0.127,-0.003432432,0.683248625,0.124260355,0.076502732,1
2321,garnedu01,0.043,0.000728814,0.689162634,0.098173516,0.056565657,1
2329,garvemi01,-1.945,-0.010865922,0.885692493,0.118336887,0.055140187,1
2341,gausmke01,0.027,0.003,0.329239859,0,0,1
2407,gimenan01,-0.313,-0.008942857,0.663405716,0.075163399,0.093567251,1
2430,godleza01,-0.534,-0.033375,0.31579758,0,0,1
2437,goldspa01,4.223,0.004681818,0.910295942,0.11982855,0.07984127,1
2440,gomesya01,-2.793,-0.00483218,0.820391063,0.094145043,0.052229688,1
2460,gonzaer01,-0.262,-0.001912409,0.765395114,0.068322981,0.063305979,1
2468,gonzama01,-2.178,-0.003704082,0.850125925,0.085278276,0.060952381,1
2480,goodrni01,-2.366,-0.00977686,0.845526739,0.095345345,0.086810229,1
2482,goodwbr01,-1.922,-0.007280303,0.773840642,0.109324759,0.078136201,1
2493,gordoni01,0.202,0.005315789,0.896515149,0.07,0.092592593,1
2504,gosseph01,-1.715,-0.012427536,0.705243789,0.065764023,0.055258467,1
2508,gourryu01,-2.691,-0.006422434,0.900231395,0.102758896,0.068357222,1
2521,grandya01,-3.257,-0.005253226,0.803420561,0.102381689,0.044030044,1
2532,grayjo02,-1.251,-0.030512195,0.331351413,0.020661157,0.014234875,1
2566,gregodi01,-2.744,-0.004107784,0.878078308,0.088882849,0.057114477,1
2568,greingr01,-0.132,-0.001885714,0.741864104,0.06323185,0.037735849,1
2569,greinza01,-1.419,-0.025339286,0.614881542,0.074856046,0.065,1
2572,grichra01,-3.032,-0.005614815,0.84052842,0.117239102,0.067650677,1
2594,grishtr01,0.779,0.004961783,0.867358283,0.097238896,0.076923077,1
2606,grossro01,1.995,0.004327549,0.835872515,0.082219938,0.065516233,1
2625,guerrvl02,0.371,0.001709677,0.929802702,0.112490303,0.053608247,1
2630,guilllu01,0.178,0.002022727,0.631670387,0.05362776,0.048913043,1
2640,gurrilo01,0.097,0.000563953,0.976618364,0.10700236,0.061269147,1
2645,gutieke01,-0.735,-0.015978261,0.7844362,0.050847458,0.038860104,1
2652,guzmaro01,-0.569,-0.004626016,0.809892513,0.099050204,0.054479419,1
2660,haaseer01,-1.292,-0.014516854,0.696082812,0.09,0.034562212,1
2674,haggesa01,0.543,0.060333333,0.703930413,0.071428571,0.105263158,1
2708,hamilbi02,-4.979,-0.009705653,0.824805728,0.05799056,0.13803681,1
2726,hampsga01,-3.149,-0.01720765,0.809129164,0.078206465,0.086419753,1
2739,hanigmi01,-0.484,-0.001624161,0.875603339,0.109278351,0.05890411,1
2753,happia01,-0.685,-0.002298658,0.766926448,0.108751609,0.061213133,1
2754,happja01,-0.728,-0.033090909,0.326257529,0.014218009,0.007905138,1
2776,harpebr03,6.946,0.007866365,0.881296465,0.122668422,0.073513316,1
2797,harrijo05,-3.92,-0.006712329,0.885616535,0.082668187,0.082457983,1
2822,harvema01,-1.31,-0.030465116,0.433965905,0.031372549,0.025454545,1
2823,haselad01,-1.366,-0.022766667,0.818395896,0.077639752,0.067605634,1
2845,hayeske01,0.27,0.003648649,0.851888568,0.093959732,0.083503055,1
2849,haysau01,1.039,0.013151899,0.810010118,0.097560976,0.061173533,1
2871,hedgeau01,-3.096,-0.011907692,0.730307197,0.073781291,0.037883343,1
2880,heimjo01,0.286,0.003917808,0.784204795,0.075907591,0.049079755,1
2881,heinesc01,-0.515,-0.019074074,0.667388546,0.089171975,0.069364162,1
2909,hendrky01,-1.753,-0.039840909,0.429917348,0.01396648,0.012376238,1
2923,heredgu01,-1.117,-0.00569898,0.769903148,0.073932927,0.053908356,1
2930,hermomi01,0.417,0.021947368,0.540389626,0.087591241,0.070512821,1
2934,hernace02,-3.156,-0.005812155,0.865593387,0.068047337,0.063157895,1
2938,hernaen02,-2.091,-0.006025937,0.749593023,0.102218356,0.060547628,1
2950,hernate01,-1.837,-0.006491166,0.855658937,0.117517847,0.067635271,1
2951,hernaya01,0.096,0.001655172,0.676378012,0.075862069,0.047318612,1
2952,hernayo02,-0.448,-0.028,0.778719293,0.034965035,0.096385542,1
2960,herreod01,-2.361,-0.005758537,0.869327068,0.087912088,0.076742627,1
2979,heywaja01,2.897,0.003125135,0.868401725,0.085343228,0.06853124,1
2984,hicksaa01,-0.917,-0.002225728,0.796203835,0.084948454,0.059865391,1
2988,hicksjo02,-1.947,-0.011589286,0.777666881,0.088757396,0.05210643,1
2990,higasky01,-1.106,-0.018131148,0.648467286,0.098191214,0.043373494,1
3001,hillde01,-0.595,-0.0175,0.729205909,0.06,0.074074074,1
3008,hillisa01,-0.048,-0.000551724,0.767042951,0.116161616,0.066059226,1
3014,hillri01,-1.501,-0.0395,0.409130968,0.01953125,0.018248175,1
3025,hiurake01,-1.56,-0.013220339,0.829507503,0.106534091,0.067003793,1
3040,hoernni01,0.377,0.0058,0.84489018,0.056716418,0.063492063,1
3053,holadbr01,-0.832,-0.006764228,0.724379421,0.064120055,0.047381546,1
3073,holtbr01,-2.117,-0.00487788,0.819056156,0.071398395,0.069522736,1
3097,hoskirh01,-1.155,-0.003130081,0.820910143,0.130032644,0.060770975,1
3099,hosmeer01,0.347,0.000350505,0.870326968,0.086468085,0.061319294,1
3129,hoyinja01,-0.596,-0.028380952,0.80670949,0.049586777,0.062015504,1
3198,ibanean01,0.585,0.015,0.776986346,0.09486166,0.0625,1
3200,iglesjo01,-2.109,-0.003813743,0.863836609,0.074452116,0.072986577,1
3203,inciaen01,-1.367,-0.002458633,0.899314333,0.066730831,0.082893966,1
3204,indiajo01,-0.108,-0.001255814,0.874591979,0.107142857,0.076069731,1
3221,jacksal02,-0.281,-0.016529412,0.52903931,0.052980132,0.028901734,1
3260,jankotr01,-1.24,-0.008211921,0.753560857,0.052216749,0.093831451,1
3262,janseda01,-0.651,-0.00651,0.776617472,0.092896175,0.04211793,1
3274,jayjo02,-4.592,-0.007197492,0.851373462,0.064356436,0.061181924,1
3278,jeffery01,-0.538,-0.009118644,0.757803891,0.086956522,0.030985915,1
3298,jimenel02,-0.816,-0.007555556,0.891345623,0.110738255,0.04578564,1
3303,joeco01,-0.065,-0.002407407,0.706004112,0.087628866,0.039647577,1
3378,jonesja07,-0.792,-0.004061538,0.747664775,0.091491308,0.080334728,1
3392,jonesta01,-0.243,-0.018692308,0.812243523,0.105691057,0.076923077,1
3416,joycema01,-3.036,-0.004097166,0.730604628,0.099515869,0.058783008,1
3420,judgeaa01,-0.271,-0.000776504,0.860646465,0.123307544,0.049087221,1
3461,kelenja01,0.154,0.0022,0.82110522,0.083086053,0.053050398,1
3473,kellyca02,-1.964,-0.01197561,0.776173383,0.088681447,0.040650407,1
3490,kempto01,0.729,0.003155844,0.739691407,0.076851852,0.069047619,1
3511,keplema01,-0.758,-0.001948586,0.82977294,0.107518504,0.06380789,1
3516,kershcl01,-2.758,-0.029978261,0.509691533,0.018624642,0.015348288,1
3519,kieboca01,-2.506,-0.026659574,0.747180536,0.042253521,0.016908213,1
3524,kiermke01,-0.129,-0.000229537,0.831082087,0.090621707,0.09201278,1
3534,kimha01,-1.44,-0.0225,0.612952327,0.082397004,0.063758389,1
3541,kineris01,-1.257,-0.005489083,0.848205698,0.05982906,0.069599475,1
3545,kingesc01,-2.249,-0.013797546,0.798170971,0.094049904,0.081632653,1
3560,kirilal01,0.145,0.003918919,0.732147423,0.093023256,0.056277056,1
3561,kirkal01,0.284,0.010923077,0.782470138,0.100529101,0.046728972,1
3568,kivlepa01,-0.285,-0.010961538,0.615243432,0.083333333,0.036,1
3590,knappan01,-2.329,-0.015843537,0.610057585,0.066104079,0.043530834,1
3597,kniznan01,-0.235,-0.008703704,0.649629584,0.056521739,0.046153846,1
3641,kozmape01,-3.649,-0.024006579,0.680749903,0.056300268,0.054545455,1
3673,kuhlch01,-0.575,-0.025,0.349369782,0.017699115,0.015503876,1
3696,lagarju01,-3.514,-0.008941476,0.802395774,0.074482151,0.074816026,1
3710,lamarry01,-0.851,-0.027451613,0.743786563,0.069105691,0.055555556,1
3713,lambja01,-1.211,-0.003420904,0.762702788,0.100416474,0.057947686,1
3749,larnatr01,-1.046,-0.020115385,0.757889033,0.073076923,0.043189369,1
3759,lasteto01,0.446,0.001762846,0.754751318,0.08203125,0.053509781,1
3765,laurera01,3.363,0.015426606,0.888762626,0.110412926,0.085918854,1
3769,lavarry01,-2.341,-0.026011111,0.699754175,0.087248322,0.061728395,1
3794,leblawa01,-0.734,-0.033363636,0.595086753,0.007633588,0.006451613,1
3827,lemahdj01,0.079,0.000121166,0.941826102,0.074602191,0.065993644,1
3846,leonsa01,-4.11,-0.016181102,0.737783936,0.06263048,0.037523452,1
3855,lestejo01,-1.195,-0.025978261,0.407404534,0.038251366,0.026004728,1
3868,lewisky01,0.35,0.0109375,0.852333917,0.083538084,0.040948276,1
3870,leybado01,-0.663,-0.05525,0.571438503,0.044642857,0.031746032,1
3897,lindofr01,-2.576,-0.004833021,0.934360582,0.106625835,0.082796232,1
3923,lobatjo01,-3.34,-0.014033613,0.746313353,0.062882096,0.03950426,1
3925,locasti01,-0.008,-0.000129032,0.69207984,0.06712963,0.091451292,1
3957,longoev01,-3.755,-0.003113599,0.856457416,0.110118612,0.064268022,1
3958,longsh01,-0.295,-0.002836538,0.709293177,0.092105263,0.074340528,1
3967,lopesti01,-1.056,-0.017032258,0.750506474,0.083333333,0.1,1
3978,lopezni01,0.468,0.003019355,0.802442067,0.061244019,0.070750647,1
3981,lorenmi01,-0.082,-0.003037037,0.508282826,0.082706767,0.040816327,1
3989,lowebr01,-1.132,-0.006086022,0.83217287,0.12575889,0.065449011,1
3992,lowena01,-0.998,-0.007392593,0.855203148,0.085051546,0.051860203,1
3997,lowrije01,0.518,0.000645885,0.877980384,0.094874101,0.062051077,1
4006,lucrojo01,-4.36,-0.00662614,0.881767931,0.084299517,0.059028534,1
4021,luplojo01,-0.995,-0.010050505,0.752306235,0.113207547,0.059782609,1
4027,luxga01,-0.496,-0.005904762,0.827562533,0.073995772,0.056390977,1
4030,lylesjo01,-0.554,-0.024086957,0.399302176,0.02690583,0.016064257,1
4035,lynnla01,-2.064,-0.036857143,0.318136377,0.017667845,0.015015015,1
4048,machama01,2.092,0.002796791,0.895608641,0.106575074,0.065375733,1
4065,madrini01,-0.448,-0.007859649,0.965844364,0.062706271,0.061728395,1
4066,maedake01,-0.671,-0.023137931,0.445915167,0.027932961,0.018604651,1
4080,mahlety01,-0.231,-0.0144375,0.368003916,0.016,0.013422819,1
4087,mailelu01,-0.763,-0.006577586,0.702363472,0.072440945,0.05788712,1
4095,maldoma01,-5.363,-0.015149718,0.777564342,0.072852761,0.038173142,1
4108,mancitr01,-0.529,-0.001843206,0.883577773,0.103613409,0.052527646,1
4132,margoma01,-2.707,-0.008008876,0.849673092,0.081424936,0.087947883,1
4135,marisja01,-3.304,-0.011124579,0.730764644,0.084736842,0.083573487,1
4138,marmojo01,0.219,0.005214286,0.588717274,0.084507042,0.033755274,1
4140,marquge01,-0.535,-0.024318182,0.564830224,0.066037736,0.049180328,1
4147,marrede01,-1.123,-0.020796296,0.665262633,0.050746269,0.057220708,1
4151,marshbr02,-1.242,-0.0388125,0.951378817,0.072033898,0.080769231,1
4166,marteke01,-1.108,-0.00268932,0.916067111,0.100843712,0.080874317,1
4167,martest01,4.023,0.00542915,0.969022314,0.093274988,0.120117598,1
4174,martica04,-0.384,-0.010105263,0.568115717,0.040160643,0.032846715,1
4183,martija03,-0.519,-0.0108125,0.632847253,0.058201058,0.048780488,1
4184,martijd02,0.394,0.000518421,0.90737244,0.12244898,0.064400378,1
4193,martini02,0.439,0.008442308,0.802348922,0.070921986,0.054054054,1
4199,martiri01,0.077,0.002483871,0.757172211,0.052493438,0.055555556,1
4223,mateojo01,-1.131,-0.025704545,0.567846113,0.086363636,0.092827004,1
4231,mathije01,-6.598,-0.015308585,0.69692118,0.063649742,0.043781095,1
4234,matonni01,0.687,0.085875,0.770586843,0.085470085,0.076335878,1
4246,matzst01,0.009,0.0005625,0.536483584,0.039772727,0.020100503,1
4257,maybica01,-5.114,-0.008480929,0.838574424,0.072960251,0.090802164,1
4264,mayfija01,-0.263,-0.005057692,0.695454173,0.088709677,0.064676617,1
4278,mazarno01,-0.466,-0.001358601,0.845589451,0.086500655,0.048431917,1
4295,mcbrory01,-0.001,-3.33333E-05,0.652895105,0.085365854,0.04519774,1
4299,mccanja02,-4.868,-0.011400468,0.829188521,0.075194115,0.044034626,1
4311,mccorch01,0.309,0.00618,0.714273887,0.091549296,0.05,1
4323,mccutan01,5.588,0.005136029,0.902101287,0.105214724,0.080785451,1
4352,mcguire01,-0.451,-0.009395833,0.822496383,0.092643052,0.065,1
4365,mckenry01,0.287,0.019133333,0.689127434,0.053254438,0.040609137,1
4366,mckinbi01,-1.953,-0.021461538,0.702654974,0.098746082,0.054852321,1
4368,mckinza01,0.223,0.009291667,0.801554494,0.103030303,0.061452514,1
4376,mcmahry01,3.054,0.010791519,0.774486922,0.097826087,0.055341055,1
4389,mcneije01,-2.2,-0.007073955,0.940206599,0.097392638,0.072413793,1
4404,meadoau01,-0.04,-0.000177778,0.851584634,0.11634757,0.072786885,1
4416,mejiafr01,-0.802,-0.00657377,0.717077388,0.089041096,0.054773083,1
4431,mendida01,-1.24,-0.04,0.733434943,0.05483871,0.029411765,1
4438,mercaos01,-2.183,-0.032102941,0.854871823,0.085365854,0.078720787,1
4440,mercejo03,-3.488,-0.005536508,0.816029468,0.081829897,0.058840749,1
4443,merceye01,-1.231,-0.031564103,1.076037151,0.070539419,0.038022814,1
4449,merriwh01,4.336,0.010706173,0.914241283,0.091258405,0.11065211,1
4470,meyerja02,-0.202,-0.00505,0.75258915,0.095890411,0.067484663,1
4480,mikolmi01,-0.373,-0.0373,0.36731562,0.029850746,0.013071895,1
4488,mileywa01,-1.003,-0.023325581,0.485111239,0.03030303,0.023529412,1
4496,millebr02,-4.071,-0.007951172,0.78618082,0.09495445,0.060192367,1
4514,milleow01,-0.067,-0.002030303,0.705621859,0.062827225,0.04950495,1
4517,millesh01,-0.757,-0.02365625,0.431641458,0.0591133,0.043650794,1
4535,minormi01,-0.653,-0.02612,0.39420677,0.036866359,0.024793388,1
4567,molinya01,-5.393,-0.004161265,0.887578265,0.076505625,0.057460164,1
4572,moncayo01,-0.41,-0.001314103,0.85574934,0.100148002,0.069787603,1
4575,mondera02,-1.849,-0.009731579,0.881411862,0.091578087,0.150152439,1
4598,mooredy01,-0.568,-0.005163636,0.689826607,0.093575419,0.099022005,1
4606,moorema02,-0.363,-0.015782609,0.327112262,0,0,1
4626,moranco01,0.108,0.000380282,0.863684397,0.085046067,0.04859335,1
4633,morelmi01,-4.978,-0.006398458,0.799649521,0.101694915,0.052689594,1
4648,morofma01,0.643,0.02572,0.569530676,0.061135371,0.030769231,1
4661,mortoch02,-1.337,-0.030386364,0.320706303,0.015576324,0.013513514,1
4679,motteta01,-0.827,-0.016215686,0.737179257,0.067839196,0.068181818,1
4682,mountry01,-0.639,-0.005325,0.946351774,0.101515152,0.045454545,1
4683,moustmi01,-8.501,-0.011613388,0.822088085,0.100763016,0.055442316,1
4702,mullice01,-0.64,-0.005289256,0.893428204,0.099385246,0.091491308,1
4709,muncyma01,0.124,0.000341598,0.767987632,0.11574847,0.044083527,1
4713,munozya01,1.467,0.01705814,0.817040102,0.076775432,0.077738516,1
4730,murphse01,-2.063,-0.020029126,0.752415017,0.108540925,0.050925926,1
4733,murphto04,-0.164,-0.001576923,0.750400054,0.098226467,0.044117647,1
4745,musgrjo01,-1.008,-0.059294118,0.404450327,0.043478261,0.037735849,1
4757,myerswi01,-1.161,-0.001977853,0.853898833,0.102675974,0.080248512,1
4766,naquity01,-1.926,-0.00958209,0.830410815,0.100740741,0.069058903,1
4772,narvaom01,-2.282,-0.008578947,0.852600281,0.071748879,0.036373811,1
4782,naylojo01,-0.921,-0.009397959,0.828177702,0.082332762,0.055292259,1
4794,nelsoji02,-0.54,-0.041538462,0.377220921,0.010471204,0.009615385,1
4808,neusesh01,-0.831,-0.028655172,0.742398333,0.05785124,0.039370079,1
4817,newmake01,1.83,0.007408907,0.859885757,0.060461416,0.059084195,1
4833,nidoto01,-0.742,-0.010911765,0.649056604,0.063882064,0.039443155,1
4851,nimmobr01,0.493,0.001956349,0.867493657,0.099784637,0.066076696,1
4865,nogowjo01,-0.338,-0.007191489,0.668049294,0.060150376,0.047619048,1
4867,nolaaa01,0.06,0.002307692,0.33373799,0.022140221,0.018867925,1
4868,nolaau01,-1.284,-0.016894737,0.922802273,0.094405594,0.055813953,1
4876,nootbla01,0.06,0.002142857,0.584062907,0.082568807,0.048387097,1
4896,nottija01,-0.196,-0.0196,0.662641759,0.096491228,0.023076923,1
4902,nunezdo01,-0.103,-0.002512195,0.664742532,0.112359551,0.058823529,1
4904,nunezre01,-4.376,-0.023782609,0.824122963,0.101421801,0.04475043,1
4941,odorro01,-2.835,-0.005369318,0.830657622,0.099137931,0.064822134,1
4951,ohearry01,-2.018,-0.01540458,0.783761151,0.090799031,0.041036717,1
4954,ohtansh01,1.12,0.005656566,0.869295112,0.129285714,0.089041096,1
4962,olivaed02,0.195,0.015,0.718099448,0.065989848,0.033018868,1
4982,olsonma02,0.573,0.001450633,0.843764681,0.119140625,0.046010975,1
4985,oneilty01,-0.644,-0.003879518,0.786140864,0.110986547,0.064842958,1
5002,ortegra01,-1.392,-0.014652632,0.729312718,0.063739377,0.075933076,1
5046,owingch01,-3.415,-0.008035294,0.815416386,0.083633094,0.094323873,1
5049,ozunama01,-0.676,-0.001,0.912891497,0.094888664,0.052583026,1
5078,panikjo01,-0.04,-8.01603E-05,0.873188476,0.070914327,0.057115198,1
5086,paredis01,-0.278,-0.00695,0.766996813,0.058139535,0.041450777,1
5100,parkho01,0.072,0.002322581,0.638021259,0.078125,0.053333333,1
5107,parrage01,-3.208,-0.003902676,0.881354702,0.082544257,0.077126654,1
5152,pederjo01,-3.788,-0.009307125,0.799290003,0.111928737,0.053368913,1
5184,peralda01,-1.462,-0.002503425,0.945111707,0.100673293,0.072557051,1
5186,peralwi01,-0.804,-0.036545455,0.330144914,0.024875622,0.017094017,1
5187,perazjo01,0.033,0.000115385,0.831888368,0.065141721,0.081056044,1
5195,perezhe01,-3.754,-0.014383142,0.773328002,0.074498567,0.083423619,1
5198,perezmi03,-0.961,-0.010115789,0.708810873,0.074879227,0.047930283,1
5204,perezro02,-1.537,-0.007497561,0.756847183,0.077508651,0.036244801,1
5206,perezsa02,0.341,0.000496361,0.870257808,0.098212213,0.050241334,1
5229,peterdj01,-0.962,-0.026722222,0.760703449,0.103139013,0.05,1
5233,peterja01,-3.391,-0.009042667,0.739841042,0.067013287,0.068170426,1
5250,phamth01,-1.309,-0.003248139,0.852028517,0.094465252,0.077555397,1
5260,phillbr02,0.428,0.003721739,0.683207464,0.083050847,0.08,1
5294,pillake01,-5.403,-0.008325116,0.867559324,0.09123783,0.084268197,1
5298,pinama01,-2.242,-0.010625592,0.793015412,0.09,0.049755302,1
5299,pindech01,-4.662,-0.021583333,0.798604368,0.099838969,0.056576047,1
5309,piscost01,-1.221,-0.003,0.841150085,0.098285236,0.063086744,1
5314,pivetni01,-0.142,-0.015777778,0.31969026,0.009009009,0.008196721,1
5319,plaweke01,-4.305,-0.020402844,0.766683531,0.071818182,0.048387097,1
5332,polangr01,-2.186,-0.003903571,0.860600085,0.093999306,0.084782609,1
5334,polanjo01,2.659,0.007553977,0.916265524,0.100443727,0.076979205,1
5339,polloaj01,-0.087,-0.000145729,0.941112372,0.11121643,0.099109451,1
5359,poseybu01,1.797,0.001732883,0.943137533,0.092555332,0.05796326,1
5390,profaju01,-1.704,-0.003863946,0.786494566,0.083294556,0.064238953,1
5401,pujolal01,12.129,0.006055417,0.927738643,0.122998021,0.063356974,1
5419,quinnro01,-0.47,-0.004607843,0.742934645,0.074561404,0.123046875,1
5424,quintjo01,-0.601,-0.031631579,0.270574485,0.006410256,0.005434783,1
5444,raleica01,-1.436,-0.036820513,0.659579642,0.100719424,0.081081081,1
5450,ramirha02,0.722,0.005308824,0.867219383,0.081818182,0.061124694,1
5452,ramirjo01,-3.212,-0.005180645,0.919312843,0.122990127,0.106007944,1
5463,ramoswi01,-9.516,-0.014139673,0.852539522,0.082760596,0.040676175,1
5492,rayro02,-0.781,-0.032541667,0.437916879,0.029535865,0.02238806,1
5494,realmjt01,-3.439,-0.007317021,0.92604449,0.099527559,0.075064711,1
5498,reddijo01,-3.655,-0.004828269,0.888424941,0.090290381,0.06394753,1
5519,refsnro01,-1.137,-0.014037037,0.747887139,0.059701493,0.057003257,1
5537,rendoan01,-2.775,-0.003941761,0.894865163,0.11383812,0.074863884,1
5538,renfrhu01,-1.837,-0.005402941,0.829117603,0.121566633,0.057380842,1
5539,rengilu01,-0.669,-0.006558824,0.769186587,0.05958132,0.03988604,1
5560,reyesfr01,-2.362,-0.01063964,0.874189771,0.108381503,0.04025974,1
5564,reyespa01,-1.053,-0.023931818,0.673960353,0.078853047,0.068403909,1
5566,reyesvi01,-1.145,-0.00748366,0.856357737,0.072302558,0.087923729,1
5569,reynobr01,-0.533,-0.002220833,0.907844754,0.112550607,0.072142857,1
5616,riddljt01,-1.946,-0.015821138,0.729297071,0.074224022,0.04665826,1
5629,rileyau01,-2.072,-0.010156863,0.831058984,0.107414449,0.046351931,1
5633,riosed01,-0.701,-0.017097561,0.617271886,0.126436782,0.045226131,1
5651,riverre01,-4.258,-0.017308943,0.769368708,0.073726542,0.041743401,1
5656,rizzoan01,3.525,0.003947368,0.88815209,0.110111481,0.063084112,1
5674,roberda10,0.305,0.002226277,0.730104672,0.06866417,0.043386243,1
5679,roberlu01,-0.467,-0.006144737,0.898452443,0.115303983,0.087954111,1
5706,roblevi01,-2.044,-0.012617284,0.777129692,0.086330935,0.089905363,1
5710,rodgebr02,-0.36,-0.004090909,0.846418998,0.08677686,0.052224371,1
5732,rogerja03,-0.205,-0.004019608,0.64896259,0.093333333,0.047058824,1
5741,rojasjo01,-1.246,-0.009658915,0.868990879,0.080527086,0.072072072,1
5742,rojasjo02,0.224,0.0064,0.704833339,0.119047619,0.086956522,1
5743,rojasmi02,-4.09,-0.010514139,0.825588515,0.068568995,0.06407767,1
5756,rominan01,-2.543,-0.011352679,0.753382929,0.045166403,0.058231488,1
5757,rominau01,-2.602,-0.0162625,0.782963752,0.073589534,0.050266565,1
5762,rondojo02,-0.781,-0.010554054,0.607884077,0.068965517,0.042105263,1
5764,rookebr01,-0.35,-0.0125,0.755699166,0.105769231,0.051282051,1
5771,rosaram01,-1.087,-0.003450794,0.933358523,0.077416174,0.082249071,1
5773,rosared01,-1.879,-0.003706114,0.914809081,0.102302632,0.070326959,1
5792,rossjo01,-0.786,-0.0524,0.490837722,0.025477707,0.022857143,1
5818,rufda01,-2.916,-0.013437788,0.713352833,0.104051565,0.048995984,1
5826,ruizri01,-0.743,-0.005054422,0.666520664,0.075382803,0.043022036,1
5857,ryuhy01,-1.417,-0.024859649,0.588369486,0.046082949,0.034351145,1
5890,sanchad01,-0.88,-0.036666667,0.678613714,0.061538462,0.058823529,1
5899,sanchga02,-2.999,-0.008979042,0.816689574,0.112836439,0.038286235,1
5902,sanchje02,-0.476,-0.0085,0.741306312,0.099206349,0.039285714,1
5916,sandopa01,-1.76,-0.001898598,0.855669355,0.094597527,0.058392716,1
5924,sanomi01,-2.014,-0.004662037,0.800028592,0.118755119,0.047704448,1
5925,santaan02,-1.973,-0.010550802,0.89567522,0.110280374,0.06190061,1
5926,santaca01,-0.255,-0.000238988,0.818499708,0.100203459,0.05381674,1
5927,santada01,-0.964,-0.002957055,0.87263844,0.09137931,0.099142551,1
5981,schebsc01,-1.05,-0.004666667,0.845141,0.099841521,0.055201699,1
5989,scherma01,-0.972,-0.021130435,0.48419713,0.015086207,0.017013233,1
6011,schoojo01,-5.356,-0.008652666,0.858941462,0.096164236,0.051327434,1
6016,schroma01,-0.665,-0.019558824,0.873933641,0.091549296,0.066225166,1
6036,schwaky01,-1.359,-0.003663073,0.81854832,0.1138322,0.042652191,1
6037,schwifr01,0.55,0.008461538,0.77500714,0.13618677,0.083941606,1
6058,seageco01,1.191,0.002822275,0.926686966,0.11575031,0.069372694,1
6059,seageky01,-1.606,-0.00159801,0.851870014,0.101600432,0.060928433,1
6071,segurje01,1.591,0.002173497,0.963753463,0.075397645,0.08805513,1
6079,semiema01,-3.408,-0.005400951,0.836014615,0.100306279,0.07228361,1
6083,senzaan01,-0.18,-0.009,0.247582623,0.014814815,0.012121212,1
6084,senzeni01,-1.028,-0.011816092,0.908067962,0.088129496,0.084415584,1
6090,severpe01,-3.141,-0.014886256,0.80777321,0.075799087,0.045081967,1
6115,shawtr01,-0.105,-0.000211268,0.813909454,0.103609342,0.056158742,1
6126,sheetga01,-0.395,-0.01234375,0.729370195,0.11875,0.044692737,1
6163,shortza01,-0.529,-0.015114286,0.575430005,0.064102564,0.032608696,1
6177,sierrma01,-1.005,-0.0125625,0.689146047,0.032,0.068518519,1
6187,simmoan01,-5.21,-0.007421652,0.853123961,0.067109482,0.061509195,1
6209,siscoch01,-1.709,-0.017618557,0.655838905,0.077369439,0.041118421,1
6224,slateau01,-1.133,-0.008851563,0.770898688,0.077105575,0.072327044,1
6246,smithdo02,-2.155,-0.00845098,0.776659903,0.104504505,0.05978706,1
6263,smithke04,-3.639,-0.028429688,0.73302671,0.069230769,0.051643192,1
6271,smithpa04,-0.204,-0.003,0.787648951,0.082242991,0.057724958,1
6280,smithwi05,-0.15,-0.000862069,0.851300027,0.124641834,0.052757794,1
6301,sogarer01,-1.323,-0.003299252,0.755987684,0.063059034,0.064179703,1
6304,solakni01,-0.797,-0.006754237,0.8556316,0.070242656,0.060295791,1
6305,solando01,-1.68,-0.004386423,0.83569686,0.065168539,0.054554812,1
6308,solerjo01,-1.267,-0.003490358,0.839185074,0.110815603,0.053730189,1
6316,sosaed01,-0.676,-0.020484848,0.806948584,0.060402685,0.04719764,1
6321,sotoju01,2.796,0.008961538,0.939650224,0.122208437,0.065401897,1
6325,souzast01,-0.822,-0.002264463,0.844393129,0.091515152,0.064498934,1
6361,springe01,-0.926,-0.00190535,0.88544085,0.108092144,0.056792018,1
6374,stallja01,0.774,0.004348315,0.793140962,0.07010582,0.04342723,1
6377,stammcr01,-0.129,-0.0086,0.480252532,0.079207921,0.066666667,1
6389,stantmi03,-0.459,-0.000489861,0.901586795,0.128745609,0.057091562,1
6394,stassma01,-2.296,-0.018819672,0.762046103,0.078358209,0.034065934,1
6419,stephty01,1.327,0.015987952,0.791574491,0.089918256,0.049763033,1
6421,stevean01,-0.918,-0.011475,0.570549409,0.070886076,0.053452116,1
6429,stewadj01,0.878,0.012027397,0.759773194,0.089694656,0.038772213,1
6455,storytr01,-3.631,-0.008123043,0.835720826,0.129340893,0.097895408,1
6464,strasst01,-2.307,-0.0288375,0.530312024,0.031818182,0.019193858,1
6467,strawmy01,-0.611,-0.004243056,0.865345056,0.05897772,0.097447796,1
6489,suareeu01,-2.435,-0.003723242,0.851252122,0.101420455,0.047916147,1
6527,suzukku01,-4.372,-0.004474923,0.851727045,0.080383481,0.052798135,1
6530,swansda01,-0.398,-0.000919169,0.827870998,0.090719933,0.066889632,1
6557,taillja01,-1.028,-0.035448276,0.340120241,0.007352941,0.006451613,1
6566,tapiara01,-2.219,-0.011263959,0.822154572,0.077272727,0.089824561,1
6574,tatisfe02,1.93,0.011028571,0.938184355,0.138996139,0.09787234,1
6580,tauchmi01,-1.199,-0.011528846,0.712370225,0.084482759,0.068965517,1
6586,taverle01,-0.984,-0.031741935,0.69747942,0.075085324,0.103448276,1
6593,tayloch03,1.46,0.003139785,0.848095506,0.104626928,0.084814815,1
6600,taylomi02,-1.684,-0.005149847,0.804436863,0.082440615,0.085763293,1
6605,tayloty01,-0.352,-0.006518519,0.842509063,0.109965636,0.074074074,1
6617,tellero01,-0.38,-0.00262069,0.774237406,0.109411765,0.053533191,1
6636,thaisma01,-0.098,-0.002969697,0.757250426,0.091428571,0.035532995,1
6659,thomala02,0.666,0.011892857,0.661549744,0.106666667,0.077586207,1
6681,thomptr01,0.042,0.000368421,0.677886766,0.097690941,0.064102564,1
6729,tomka01,-0.288,-0.009290323,0.434158082,0.046296296,0.030075188,1
6737,toroab01,-1.603,-0.012622047,0.784151969,0.07,0.048128342,1
6742,torregl01,1.51,0.005875486,0.844840037,0.09351145,0.056122449,1
6745,torrelu01,0.474,0.004886598,0.672500869,0.079566004,0.045826514,1
6748,torrero01,-0.662,-0.003894118,0.873175261,0.06434024,0.054933876,1
6754,tovarwi01,0.215,0.0134375,0.761308855,0.044642857,0.049180328,1
6765,trammta01,-0.406,-0.016916667,0.664634708,0.096153846,0.050561798,1
6776,trevijo01,0.167,0.00242029,0.797293344,0.081799591,0.061657033,1
6783,troutmi01,5.586,0.006956413,0.927886566,0.134664948,0.091696113,1
6790,tsutsyo01,0.01,0.000142857,0.667462465,0.090439276,0.042505593,1
6791,tuckeco01,-0.713,-0.009767123,0.693290183,0.072386059,0.061576355,1
6793,tuckeky01,-1.759,-0.010791411,0.872667688,0.130023641,0.101171459,1
6806,turneju01,-0.431,-0.000596953,0.878454673,0.102614702,0.065669701,1
6810,turnetr01,0.765,0.002304217,0.957932975,0.103535354,0.127434797,1
6833,uptonju01,-3.903,-0.003548182,0.870528498,0.106548779,0.070468915,1
6837,urenajo01,-0.486,-0.025578947,0.287034898,0.01369863,0.012048193,1
6839,uriasju01,-0.043,-0.003909091,0.443615526,0.02,0.016393443,1
6840,uriaslu01,-1.272,-0.007571429,0.826696841,0.081206497,0.049395161,1
6841,uriasra01,0.652,0.015162791,0.758297268,0.083623693,0.052631579,1
6844,urshegi01,0.167,0.000729258,0.812488148,0.08857336,0.053425519,1
6850,valaipa01,-2.695,-0.02011194,0.678182216,0.081047382,0.041666667,1
6867,valerbr01,-0.425,-0.015178571,0.703320616,0.057692308,0.05106383,1
6878,vanmejo01,-0.388,-0.00376699,0.665961041,0.090909091,0.07550077,1
6883,vargail01,-0.85,-0.014655172,0.758649009,0.069252078,0.052493438,1
6888,varshda01,0.212,0.004818182,0.706052721,0.103896104,0.079069767,1
6891,vaughan01,-0.629,-0.007765432,0.767507181,0.088729017,0.049040512,1
6897,vazquch01,-1.958,-0.005758824,0.878609831,0.076167076,0.061622111,1
6907,velasvi01,-0.571,-0.02284,0.529614013,0.01910828,0.011111111,1
6908,velazan01,-0.64,-0.029090909,0.555058436,0.067484663,0.099447514,1
6918,verdual01,-0.205,-0.001025,0.912834851,0.095117845,0.071591775,1
6933,villajo01,-1.251,-0.002262206,0.860826072,0.081129808,0.107162089,1
6946,vogelda01,0.892,0.006326241,0.687834853,0.087051143,0.028233151,1
6949,vogtst01,-4.626,-0.012994382,0.802780762,0.093577982,0.055255505,1
6952,voitlu01,-0.933,-0.005424419,0.872530284,0.10971223,0.038582677,1
6959,vottojo01,6.795,0.005743872,0.912582934,0.117078251,0.065944882,1
6963,wachami01,-0.732,-0.027111111,0.359462693,0.007968127,0.010344828,1
6965,wadela01,2.391,0.036784615,0.732096862,0.106728538,0.066801619,1
6966,wadety01,-1.11,-0.019137931,0.634125994,0.062355658,0.085539715,1
6976,wainwad01,-0.83,-0.008469388,0.581460084,0.068733154,0.048463357,1
6986,walkech02,1.753,0.007968182,0.805969785,0.101941748,0.060431655,1
7002,walketa01,-0.789,-0.046411765,0.455894402,0.026785714,0.016806723,1
7008,wallach01,-0.676,-0.030727273,0.765845198,0.0625,0.043290043,1
7015,wallsta01,0.265,0.0106,0.819535384,0.072368421,0.079545455,1
7017,walshja01,1.692,0.017265306,0.877664358,0.121468927,0.062820513,1
7039,wardta01,-0.491,-0.011418605,0.774397002,0.091858038,0.063670412,1
7071,weavelu01,-0.104,-0.034666667,0.498892499,0.009259259,0,1
7109,wendljo01,-0.606,-0.002104167,0.873777672,0.088235294,0.088764742,1
7130,wheelza01,-0.903,-0.023153846,0.486792597,0.034722222,0.027863777,1
7143,whiteel04,-0.889,-0.029633333,0.66759885,0.06097561,0.051470588,1
7145,whiteev01,-0.072,-0.002322581,0.777572265,0.071684588,0.035947712,1
7185,wilkest01,-0.341,-0.005014706,0.772763857,0.080536913,0.065843621,1
7211,williju02,-0.173,-0.014416667,0.551555188,0.032,0,1
7216,willima10,-0.611,-0.0235,0.769858864,0.063432836,0.058823529,1
7219,willini01,-0.152,-0.000955975,0.743754854,0.081339713,0.044759825,1
7226,willitr01,-0.29,-0.022307692,0.345659124,0,0,1
7274,winkeje01,-0.392,-0.001875598,0.865794392,0.112804878,0.0558109,1
7280,wisdopa01,-0.127,-0.001567901,0.727990676,0.112980769,0.045356371,1
7298,wolteto01,-0.343,-0.002029586,0.789412536,0.058234759,0.049920761,1
7300,wongko01,-0.742,-0.00139212,0.852606169,0.079567155,0.080033937,1
7301,woodal02,-1.566,-0.041210526,0.335682219,0.007246377,0.009287926,1
7314,woodrbr01,-0.431,-0.035916667,0.564975332,0.043478261,0.031007752,1
7353,wynnsau01,-1.552,-0.03373913,0.699164909,0.051612903,0.024169184,1
7358,yastrmi01,-0.953,-0.005882716,0.859671462,0.126091174,0.070205479,1
7362,yelicch01,1.414,0.002070278,0.943236491,0.101932367,0.083735572,1
7373,youngan02,-0.194,-0.008818182,0.574900791,0.136752137,0.065217391,1
7406,zavalse01,-0.331,-0.0662,0.759225016,0.076190476,0.025862069,1
7412,zimmebr01,-1.567,-0.011355072,0.739704999,0.067639257,0.081585082,1
7416,zimmejo02,-0.734,-0.014979592,0.544221598,0.020895522,0.015345269,1
7417,zimmery01,-3.784,-0.002884146,0.872717348,0.108656447,0.065117536,1
7428,zuninmi01,-5.617,-0.011581443,0.736132945,0.100429855,0.041622575,1